{"data":{"Year":[2012,2015,2016,2017,2015,2015,2015,2015,2015,2016,2016,2016,2016,2016,2017,2017,2017],"Disaggregation":[null,null,null,null,"Number (F)","Number (M)","Proportion (T)","Proportion (F)","Proportion (M)","Number (F)","Number (M)","Proportion (T)","Proportion (F)","Proportion (M)","Number (F)","Number (M)","Proportion (T)"],"Value":[12340.0,23278.0,27753.0,30624.0,11879.0,11399.0,40.38094577,41.53932231,39.24059348,14192.0,13561.0,46.48821588,47.92166132,45.0771174,15589.0,15035.0,49.0]},"edges":[]}