Year,Value
2004,13.594220000000002
2005,17.84061
2006,22.11107
2007,31.70545
2008,18.65246
2009,11.749839999999999
2010,15.979989999999999
2011,17.25913
2012,18.40783
2013,25.301
2014,30.379070000000002
2015,16.32583
2016,16.64295
