Year,Value
2004,1.97928
2005,2.78496
2006,7.12635
2007,9.943660000000001
2008,3.5798099999999997
2009,12.600480000000001
2010,4.54256
2011,4.94897
2012,5.9318
2013,7.83512
2014,8.84388
2015,4.0723199999999995
2016,9.83868
