{"Year":[2006,2007,2008,2009,2010,2011,2012,2015,2016,2017,2012,2012,2012,2012,2015,2015,2015,2015,2016,2016,2016,2016,2017,2017,2017,2017],"Disaggregation":[null,null,null,null,null,null,null,null,null,null,"Female","Male","Primary","Secondary","Female","Male","Primary","Secondary","Female","Male","Primary","Secondary","Female","Male","Primary","Secondary"],"Value":[86.97638604,89.88344071,90.80652904,92.31730458,93.65712215,94.37475585,93.08191403,87.6,86.9,87.2,92.49919381,94.06881486,91.49381666,97.11052251,86.5,89.6,85.8,94.0,85.5,89.5,85.13405133,93.42257826,86.0,89.6,85.5,93.9]}