Year,Disaggregation,Value
2012,,12340
2015,,23278
2016,,27753
2017,,30624
2015,Number (F),11879
2015,Number (M),11399
2015,Proportion (T),40.38094577
2015,Proportion (F),41.53932231
2015,Proportion (M),39.24059348
2016,Number (F),14192
2016,Number (M),13561
2016,Proportion (T),46.48821588
2016,Proportion (F),47.92166132
2016,Proportion (M),45.0771174
2017,Number (F),15589
2017,Number (M),15035
2017,Proportion (T),49
