Year,Value
2006,0.00626
2007,0.31657
2008,0.48969
2009,0.68439
2010,0.40198
2011,0.97338
2012,0.74963
2013,1.2348
2014,1.37341
2015,1.30711
2016,0.51706
