Year,Value
2004,13.59422
2005,17.84061
2006,22.11107
2007,31.70545
2008,18.65246
2009,11.74984
2010,15.97999
2011,17.25913
2012,18.40783
2013,25.301
2014,30.37907
2015,16.32583
2016,16.64295
