Year,Value
2004,1.97928
2005,2.78496
2006,7.12635
2007,9.94366
2008,3.57981
2009,12.60048
2010,4.54256
2011,4.94897
2012,5.9318
2013,7.83512
2014,8.84388
2015,4.07232
2016,9.83868
