Year,Disaggregation,Value
2004,,935
2005,,918
2006,,892
2007,,833
2008,,798
2009,,701
2010,,649
2011,,610
2012,,552
2013,,518
2014,,480
2015,,495
2016,,446
2016,Female,190.5636364
2016,Male,259.4909091
